<assembly xmlns="http://maven.apache.org/ASSEMBLY/2.0.0" xmlns:xsi="http://www.w3.org/2001/XMLSchema-instance" xsi:schemaLocation="http://maven.apache.org/ASSEMBLY/2.0.0 http://maven.apache.org/xsd/assembly-2.0.0.xsd">
  <id>packet-viewer</id>

  <formats>
    <format>tar.gz</format>
  </formats>

  <dependencySets>
    <dependencySet>
      <outputDirectory>lib</outputDirectory>
      <useProjectArtifact>false</useProjectArtifact>
      <useTransitiveDependencies>true</useTransitiveDependencies>
      <useTransitiveFiltering>true</useTransitiveFiltering>
      <includes>
        <include>org.yamcs:packet-viewer</include>
        <include>org.yamcs:yamcs-api</include>
        <include>org.yamcs:yamcs-core</include>
        <include>org.yamcs:yamcs-xtce</include>
      </includes>
    </dependencySet>
  </dependencySets>

  <fileSets>
    <fileSet>
      <directory>../packet-viewer/bin</directory>
      <outputDirectory>bin</outputDirectory>
    </fileSet>
    <fileSet>
      <directory>../packet-viewer/etc-packaged</directory>
      <outputDirectory>etc</outputDirectory>
    </fileSet>
    <fileSet>
      <directory>../packet-viewer/mdb-packaged</directory>
      <outputDirectory>mdb</outputDirectory>
    </fileSet>
    <fileSet>
      <directory>../packet-viewer/tm-data</directory>
      <outputDirectory>tm-data</outputDirectory>
    </fileSet>

  </fileSets>
</assembly>
