<assembly xmlns="http://maven.apache.org/ASSEMBLY/2.0.0" xmlns:xsi="http://www.w3.org/2001/XMLSchema-instance" xsi:schemaLocation="http://maven.apache.org/ASSEMBLY/2.0.0 http://maven.apache.org/xsd/assembly-2.0.0.xsd">
  <id>rocksdbjni-java</id>

  <formats>
    <format>jar</format>
  </formats>

  <includeBaseDirectory>false</includeBaseDirectory>
  <fileSets>
    <fileSet>
      <directory>target/rocksdbjni-${rocksdbVersion}</directory>
      <excludes>
        <exclude>*.dll</exclude>
        <exclude>*.jnilib</exclude>
        <exclude>*.so</exclude>
      </excludes>
      <outputDirectory></outputDirectory>
    </fileSet>
  </fileSets>
</assembly>
