<component xmlns="http://maven.apache.org/ASSEMBLY-COMPONENT/2.0.0" xmlns:xsi="http://www.w3.org/2001/XMLSchema-instance" xsi:schemaLocation="http://maven.apache.org/ASSEMBLY-COMPONENT/2.0.0 http://maven.apache.org/xsd/assembly-component-2.0.0.xsd">

  <!--
    This component description specifies the architecture-independent parts of a Yamcs distribution.
    (without a specific rocksdbjni library).
  -->

  <dependencySets>
    <dependencySet>
      <outputDirectory>lib</outputDirectory>
      <useProjectArtifact>false</useProjectArtifact>
      <useTransitiveDependencies>true</useTransitiveDependencies>
      <useTransitiveFiltering>true</useTransitiveFiltering>
      <includes>
        <include>org.yamcs:yamcs-api</include>
        <include>org.yamcs:yamcs-core</include>
        <include>org.yamcs:yamcs-tse</include>
        <include>org.yamcs:yamcs-web</include>
        <include>org.yamcs:yamcs-xtce</include>
      </includes>
    </dependencySet>
  </dependencySets>

  <fileSets>
    <fileSet>
      <directory>etc</directory>
      <outputDirectory>etc</outputDirectory>
    </fileSet>
    <fileSet>
      <directory>target</directory>
      <outputDirectory>lib</outputDirectory>
      <includes>
        <include>rocksdbjni-${rocksdbVersion}.jar</include>
      </includes>
    </fileSet>

    <!-- Tricks to add empty directories... -->
    <fileSet>
      <directory>.</directory>
      <outputDirectory>cache</outputDirectory>
      <excludes>
        <exclude>*/**</exclude>
      </excludes>
    </fileSet>
    <fileSet>
      <directory>.</directory>
      <outputDirectory>lib/ext</outputDirectory>
      <excludes>
        <exclude>*/**</exclude>
      </excludes>
    </fileSet>
    <fileSet>
      <directory>.</directory>
      <outputDirectory>log</outputDirectory>
      <excludes>
        <exclude>*/**</exclude>
      </excludes>
    </fileSet>
    <fileSet>
      <directory>.</directory>
      <outputDirectory>mdb</outputDirectory>
      <excludes>
        <exclude>*/**</exclude>
      </excludes>
    </fileSet>
  </fileSets>
</component>
